Year,Track Name,Artists,Popularity,Duration (min),Spotify URL
2014,A Sky Full of Stars,Coldplay,90,4.46,https://open.spotify.com/track/0FDzzruyVECATHXKHFs9eJ
2014,I Love You So,The Walters,89,2.67,https://open.spotify.com/track/4SqWKzw0CbA05TGszDgMlc
2014,Summer,Calvin Harris,88,3.71,https://open.spotify.com/track/6YUTL4dYpB9xZO5qExPf05
2014,Outside (feat. Ellie Goulding),"Calvin Harris, Ellie Goulding",88,3.79,https://open.spotify.com/track/7MmG8p0F9N3C4AXdK6o6Eb
2014,Lovers Rock,TV Girl,88,3.57,https://open.spotify.com/track/6dBUzqjtbnIa1TwYbyw5CM
2014,Night Changes,One Direction,88,3.78,https://open.spotify.com/track/5O2P9iiztwhomNh8xkR9lJ
2014,Confident,"Justin Bieber, Chance the Rapper",87,4.14,https://open.spotify.com/track/3JsydWaf2Ev4ehaLUjj3SY
2014,The Nights,Avicii,87,2.94,https://open.spotify.com/track/0ct6r3EGTcMLPtrXHDvVjc
2014,Time of Our Lives,"Pitbull, Ne-Yo",87,3.82,https://open.spotify.com/track/2bJvI42r8EF3wxjOuDav4r
2014,No Role Modelz,J. Cole,86,4.88,https://open.spotify.com/track/68Dni7IE4VyPkTOH9mRWHr
2014,Rude,MAGIC!,86,3.75,https://open.spotify.com/track/6RtPijgfPKROxEzTHNRiDp
2014,Shut Up and Dance,WALK THE MOON,86,3.32,https://open.spotify.com/track/4kbj5MwxO1bq9wjT5g9HaA
2014,Riptide,Vance Joy,86,3.4,https://open.spotify.com/track/2uXlHCUbq9OMUwx3hrk06o
2014,One Last Time,Ariana Grande,86,3.29,https://open.spotify.com/track/7xoUc6faLbCqZO6fQEYprd
2014,Take Me To Church,Hozier,85,4.03,https://open.spotify.com/track/3dYD57lRAUcMHufyqn9GcI
2014,Maps,Maroon 5,85,3.17,https://open.spotify.com/track/4gbVRS8gloEluzf0GzDOFc
2014,I'm Not The Only One,Sam Smith,85,3.99,https://open.spotify.com/track/7795WJLVKJoAyVoOtCWqXN
2014,West Coast,Lana Del Rey,85,4.28,https://open.spotify.com/track/5Y6nVaayzitvsD5F7nr3DV
2014,Style,Taylor Swift,85,3.85,https://open.spotify.com/track/0ug5NqcwcFR2xrfTkc7k8e
2014,Brooklyn Baby,Lana Del Rey,85,5.86,https://open.spotify.com/track/1NZs6n6hl8UuMaX0UC0YTz
2014,Waves - Robin Schulz Radio Edit,"Mr. Probz, Robin Schulz",84,3.47,https://open.spotify.com/track/1HFfMOxCAT4GAwaPfCdmUs
2014,Blame (feat. John Newman),"Calvin Harris, John Newman",84,3.55,https://open.spotify.com/track/07nH4ifBxUB4lZcsf44Brn
2014,Riptide,Vance Joy,84,3.4,https://open.spotify.com/track/7yq4Qj7cqayVTp3FF9CWbm
2014,"Happy - From ""Despicable Me 2""",Pharrell Williams,84,3.88,https://open.spotify.com/track/60nZcImufyMA1MKQY3dcCH
2014,Photograph,Ed Sheeran,84,4.32,https://open.spotify.com/track/1HNkqx9Ahdgi1Ixy2xkKkL
2014,Blank Space,Taylor Swift,84,3.86,https://open.spotify.com/track/1u8c2t2Cy7UBoG4ArRcF5g
2014,Stay With Me,Sam Smith,83,2.88,https://open.spotify.com/track/5Nm9ERjJZ5oyfXZTECKmRt
2014,Shake It Off,Taylor Swift,83,3.65,https://open.spotify.com/track/0cqRj7pUJDkTCEsJkx8snD
2014,Animals,Maroon 5,83,3.85,https://open.spotify.com/track/2bL2gyO6kBdLkNSkxXNh6x
2014,Sugar,Maroon 5,83,3.92,https://open.spotify.com/track/2iuZJX9X9P0GKaE93xcPjk
2014,Budapest,George Ezra,83,3.35,https://open.spotify.com/track/2ixsaeFioXJmMgkkbd4uj1
2014,Chandelier,Sia,83,3.6,https://open.spotify.com/track/4VrWlk8IQxevMvERoX08iC
2014,Wet Dreamz,J. Cole,82,3.99,https://open.spotify.com/track/4tqcoej1zPvwePZCzuAjJd
2014,Am I Wrong,Nico & Vinz,81,4.1,https://open.spotify.com/track/1fidCEsYlaVE3pHwKCvpFZ
2014,"Or Nah (feat. The Weeknd, Wiz Khalifa & DJ Mustard) - Remix","Ty Dolla $ign, The Weeknd, Wiz Khalifa, Mustard",81,4.05,https://open.spotify.com/track/7t2bFihaDvhIrd2gn2CWJO
2014,My Love,"Route 94, Jess Glynne",81,4.33,https://open.spotify.com/track/4N1MFKjziFHH4IS3RYYUrU
2014,Prayer in C - Robin Schulz Radio Edit,"Lilly Wood and The Prick, Robin Schulz",80,3.16,https://open.spotify.com/track/5fnA9mkIfScSqHIpeDyvck
2014,Rather Be (feat. Jess Glynne),"Clean Bandit, Jess Glynne",80,3.8,https://open.spotify.com/track/61dCUoMCg28qEBzrW6htYM
2014,Até Você Voltar,Henrique & Juliano,74,3.4,https://open.spotify.com/track/4ksSf8cL3VlUvQSkFcRHy3
2014,Controla,Badoxa,59,4.27,https://open.spotify.com/track/4YTHFVZmvaj5wOiNkM5Eje
2014,Não Me Toca,Anselmo Ralph,57,4.42,https://open.spotify.com/track/1rEv3IHmYm74W9InCvRfoV
2014,Uma Chance,"Djodje, Ricky Boy, Loony Johnson",55,4.27,https://open.spotify.com/track/4AIPloJ5LE4UvuNfZN4SPS
2014,É Melhor Não Duvidar,B4,52,4.05,https://open.spotify.com/track/0YqIOfDvYspWpuc7M5k1VT
2014,Mulher Perfeita,"Badoxa, G-Amado",52,4.23,https://open.spotify.com/track/0VZTbftHSToKCdnVMjIgGZ
2014,Curtição,Anselmo Ralph,52,4.5,https://open.spotify.com/track/17A9FngfOyAtNcw13FCnSR
2014,Bailando - Spanish Version,"Enrique Iglesias, Descemer Bueno, Gente De Zona",51,4.06,https://open.spotify.com/track/0OozoN53XvHPASSHHkPGhR
2014,Eu Não Danço Contigo,Badoxa,51,4.3,https://open.spotify.com/track/2JbCxnh7t2FgljPV2ktlZP
2014,Unica Mulher,Anselmo Ralph,51,3.83,https://open.spotify.com/track/11W27zoLw834XGHwaSBdzw
2014,Morena,Tiago Bettencourt,48,4.02,https://open.spotify.com/track/0ZTonEYI8SWzRzqvxC20SZ
2014,Se Olhares para o Caminho,"Dillaz, SPLIFF",47,4.03,https://open.spotify.com/track/46ttON2E97GNgr1Awh6ELJ
2015,The Night We Met,Lord Huron,91,3.47,https://open.spotify.com/track/3hRV0jL3vUpRrcy398teAU
2015,The Less I Know The Better,Tame Impala,88,3.61,https://open.spotify.com/track/6K4t31amVTZDgR3sKmwUJJ
2015,The Hills,The Weeknd,88,4.04,https://open.spotify.com/track/7fBv7CLKzipRk6EC6TWHOB
2015,Adventure of a Lifetime,Coldplay,87,4.4,https://open.spotify.com/track/69uxyAqqPIsUyTO8txoP2M
2015,Love Yourself,Justin Bieber,87,3.9,https://open.spotify.com/track/50kpGaPAhYJ3sGmk6vplg0
2015,Sorry,Justin Bieber,87,3.35,https://open.spotify.com/track/09CtPGIpYB4BrO8qb1RGsF
2015,Uptown Funk (feat. Bruno Mars),"Mark Ronson, Bruno Mars",87,4.49,https://open.spotify.com/track/32OlwWuMpZ6b0aN2RZOeMS
2015,Stressed Out,Twenty One Pilots,87,3.37,https://open.spotify.com/track/3CRDbSIZ4r5MsZ0YwxuEkn
2015,Friends,Chase Atlantic,86,3.83,https://open.spotify.com/track/7uDUb37h7Xdhza1eWMkoJv
2015,Stitches,Shawn Mendes,86,3.45,https://open.spotify.com/track/5jsw9uXEGuKyJzs0boZ1bT
2015,Hymn for the Weekend,Coldplay,86,4.3,https://open.spotify.com/track/3RiPr603aXAoi4GHyXx0uy
2015,Daddy Issues,The Neighbourhood,86,4.34,https://open.spotify.com/track/5E30LdtzQTGqRvNd7l6kG5
2015,nuts,"Lil Peep, rainy bear",86,1.42,https://open.spotify.com/track/4k3xDpAdBuM17mNNHhOZkK
2015,Don't,Bryson Tiller,85,3.3,https://open.spotify.com/track/3pXF1nA74528Edde4of9CC
2015,Ride,Twenty One Pilots,85,3.58,https://open.spotify.com/track/2Z8WuEywRWYTKe1NybPQEW
2015,Sugar (feat. Francesco Yates),"Robin Schulz, Francesco Yates",84,3.65,https://open.spotify.com/track/5tf1VVWniHgryyumXyJM7w
2015,What Do You Mean?,Justin Bieber,84,3.43,https://open.spotify.com/track/4B0JvthVoAAuygILe3n4Bs
2015,Borro Cassette,Maluma,84,3.46,https://open.spotify.com/track/6DUdDIRgLqCGq1DwkNWQTN
2015,Can't Feel My Face,The Weeknd,84,3.56,https://open.spotify.com/track/22VdIZQfgXJea34mQxlt81
2015,Star Shopping,Lil Peep,84,2.37,https://open.spotify.com/track/1WbhIxkn5ECsOwUm795iX1
2015,Waiting For Love,Avicii,83,3.84,https://open.spotify.com/track/2P4OICZRVAQcYAV2JReRfj
2015,Cheerleader (Felix Jaehn Remix) - Radio Edit,"OMI, Felix Jaehn",83,3.01,https://open.spotify.com/track/7vFoFDWqTX0mHzLfrF1Cfy
2015,Let It Happen,Tame Impala,83,7.79,https://open.spotify.com/track/2X485T9Z5Ly0xyaghN73ed
2015,Alright,Kendrick Lamar,82,3.66,https://open.spotify.com/track/3iVcZ5G6tvkXZkZKlMpIUs
2015,90210 (feat. Kacy Hill),"Travis Scott, Kacy Hill",82,5.65,https://open.spotify.com/track/51EC3I1nQXpec4gDk0mQyP
2015,Dreamin,PARTYNEXTDOOR,82,2.45,https://open.spotify.com/track/35sZOqVnTQNIGWGURrFdLh
2015,Doubt,Twenty One Pilots,82,3.19,https://open.spotify.com/track/57yL3161hUMuw06zzzUCHi
2015,"Everyday (feat. Rod Stewart, Miguel & Mark Ronson)","A$AP Rocky, Rod Stewart, Miguel, Mark Ronson",82,4.35,https://open.spotify.com/track/2N3U8uTYhjX2KwGT0pf5x0
2015,Love In The Dark,Adele,81,4.77,https://open.spotify.com/track/0DuWDLjriRPjDRoPgaCslY
2015,Often,The Weeknd,81,4.15,https://open.spotify.com/track/4PhsKqMdgMEUSstTDAmMpg
2015,When We Were Young,Adele,79,4.85,https://open.spotify.com/track/6O5TrlFWTYvznd9fMC0VvU
2015,Don't Worry (with Ray Dalton) - Radio Edit,"Madcon, Ray Dalton",78,3.58,https://open.spotify.com/track/63CSozvYUEudPp12679UVF
2015,King,Olly Alexander (Years & Years),78,3.59,https://open.spotify.com/track/3AeicLnm55RqcXGBKYQolM
2015,Space Song,Beach House,77,5.34,https://open.spotify.com/track/1ZgMsA55GIY7ICkQh5MILA
2015,Shake Body,Skales,76,3.48,https://open.spotify.com/track/1agLiWjSBYSTsKZLudOunC
2015,King Kunta,Kendrick Lamar,76,3.91,https://open.spotify.com/track/0N3W5peJUQtI4eyR6GJT5O
2015,Por Fin Te Encontré,"Cali Y El Dandee, Juan Magán, Sebastian Yatra",74,4.18,https://open.spotify.com/track/2DAULesb1U4Qz4FSTZpEUJ
2015,Que Sorte A Nossa - Ao Vivo,Matheus & Kauan,73,3.14,https://open.spotify.com/track/44pllb9f5QwcrD2kKc0gS0
2015,Chuva de Arroz - Ao Vivo,Luan Santana,71,3.11,https://open.spotify.com/track/66rhnZizvTv2ufYpyHoWoW
2015,Já Decidi,"Boy Teddy, Dj Ademar",55,3.77,https://open.spotify.com/track/751Xx8KrPrMO4ifcEoszAJ
2015,Vamos Ficar por Aqui,C4 Pedro,54,3.67,https://open.spotify.com/track/6sAukzDGVFKv3Z6dF3pU9X
2015,Lembra-te,Bispo,53,3.27,https://open.spotify.com/track/4kGx4Jl9U74iCUy9HfSnRl
2015,Number One,Boy Teddy,52,3.77,https://open.spotify.com/track/0rauOsfmlYgBGkWFc4NHft
2015,Voodoo,"GROGNation, Filipe Gonçalves",51,4.85,https://open.spotify.com/track/1L2q1yvrTiIQihgzgYthzs
2015,Melhor de mim,Mariza,51,4.11,https://open.spotify.com/track/3tgtlIvnnPoOj7ba7yuF9A
2015,Tu És a Mulher,C4 Pedro,51,4.61,https://open.spotify.com/track/3AxKlhbCVMwrDbP4laSyys
2015,Que Safoda,Deejay Telio,51,3.28,https://open.spotify.com/track/11wQJiPeaQ01b09M7cifYn
2015,Tudo Por Amor,"Calema, Kataleya",49,3.44,https://open.spotify.com/track/6olVZD1OdrCYnm3twQW0hT
2015,Tipo do Ghetto,"Don G, Masta, Trini",47,3.26,https://open.spotify.com/track/5uq4pIQjsEV4pWXdSwgPad
2015,Dia De Folga,Ana Moura,45,2.63,https://open.spotify.com/track/1qziCx0BHzpd6LeSqx8vAq
2016,Starboy,"The Weeknd, Daft Punk",91,3.84,https://open.spotify.com/track/7MXVkk9YMctZqd1Srtv4MB
2016,One Dance,"Drake, Wizkid, Kyla",89,2.9,https://open.spotify.com/track/1zi7xx7UVEFkmKfv06H8x0
2016,Let Me Love You,"DJ Snake, Justin Bieber",89,3.43,https://open.spotify.com/track/0lYBSQXN6rCTvUZvg9S0lU
2016,Closer,"The Chainsmokers, Halsey",89,4.08,https://open.spotify.com/track/7BKLCZ1jbUBVqRi2FVlTVw
2016,Say You Won't Let Go,James Arthur,88,3.52,https://open.spotify.com/track/5uCax9HTNlzGybIStD3vDh
2016,Pink + White,Frank Ocean,88,3.08,https://open.spotify.com/track/3xKsf9qdS1CyvXSMEid6g8
2016,That's What I Like,Bruno Mars,88,3.44,https://open.spotify.com/track/0KKkJNfGyhkQ5aFogxQAPU
2016,goosebumps,Travis Scott,87,4.06,https://open.spotify.com/track/6gBFPUFcJLzWGx4lenP6h2
2016,Die For You,The Weeknd,87,4.34,https://open.spotify.com/track/2LBqCSwhJGcFQeTHMVGwy3
2016,Cigarettes out the Window,TV Girl,87,3.32,https://open.spotify.com/track/6QeYSvYqYUsfBzsApbjDHO
2016,7 Years,Lukas Graham,86,3.96,https://open.spotify.com/track/5kqIPrATaCc2LqxVWzQGbk
2016,Love On The Brain,Rihanna,86,3.73,https://open.spotify.com/track/5oO3drDxtziYU2H1X23ZIp
2016,White Ferrari,Frank Ocean,86,4.15,https://open.spotify.com/track/2LMkwUfqC6S6s6qDVlEuzV
2016,Ivy,Frank Ocean,85,4.15,https://open.spotify.com/track/2ZWlPOoWh0626oTaHrnl2a
2016,Atlantis,Seafret,84,3.82,https://open.spotify.com/track/1Fid2jjqsHViMX6xNH70hE
2016,I Took A Pill In Ibiza - Seeb Remix,"Mike Posner, Seeb",84,3.3,https://open.spotify.com/track/0vbtURX4qv1l7besfwmnD8
2016,Way down We Go,KALEO,84,3.56,https://open.spotify.com/track/0y1QJc3SJVPKJ1OvFmFqe6
2016,Don't Let Me Down,"The Chainsmokers, Daya",84,3.47,https://open.spotify.com/track/1i1fxkWeaMmKEB4T7zqbzK
2016,Are You With Me,Lost Frequencies,83,2.3,https://open.spotify.com/track/4255amV4enzl28KAn16rUO
2016,Into You,Ariana Grande,83,4.07,https://open.spotify.com/track/76FZM38RC8XaAjJ77CVTNe
2016,9,Drake,83,4.26,https://open.spotify.com/track/1C7KSXR2GVxknex6I4ANco
2016,Needed Me,Rihanna,83,3.19,https://open.spotify.com/track/4pAl7FkDMNBsjykPXo91B3
2016,This Girl (Kungs Vs. Cookin' On 3 Burners),"Kungs, Cookin' On 3 Burners",82,3.26,https://open.spotify.com/track/1A8j067qyiNwQnZT0bzUpZ
2016,Train Wreck,James Arthur,82,3.48,https://open.spotify.com/track/55Am8neGJkdj2ADaM3aw5H
2016,Can I Be Him,James Arthur,82,4.11,https://open.spotify.com/track/0VhgEqMTNZwYL1ARDLLNCX
2016,PILLOWTALK,ZAYN,82,3.38,https://open.spotify.com/track/0PDUDa38GO8lMxLCRc4lL1
2016,Congratulations,"Post Malone, Quavo",82,3.67,https://open.spotify.com/track/3a1lNhkSLSkpJE4MSHpDu9
2016,Firestone,"Kygo, Conrad Sewell",81,4.53,https://open.spotify.com/track/1I8tHoNBFTuoJAlh4hfVVE
2016,sdp interlude,Travis Scott,81,3.19,https://open.spotify.com/track/4gh0ZnHzaTMT1sDga7Ek0N
2016,Against All Odds (Take a Look at Me Now) - 2016 Remaster,Phil Collins,80,3.44,https://open.spotify.com/track/63CHa6rmamv9OsehkRD8oz
2016,Afro Trap Pt. 3 (Champions League),MHD,78,2.29,https://open.spotify.com/track/0D0np8Odu1PNamKfajA6AX
2016,Reggaetón Lento (Bailemos),CNCO,78,3.71,https://open.spotify.com/track/3AEZUABDXNtecAOSC1qTfo
2016,Hear Me Now,"Alok, Zeeba, Bruno Martini",78,3.25,https://open.spotify.com/track/39cmB3ZoTOLwOTq7tMNqKa
2016,Olha A Explosão,MC Kevinho,77,2.7,https://open.spotify.com/track/6Q4foUefrAyCt8VxJFML56
2016,La Gozadera (feat. Marc Anthony),"Gente De Zona, Marc Anthony",77,3.39,https://open.spotify.com/track/0OMRAvrtLWE2TvcXorRiB9
2016,Ginza,J Balvin,77,2.85,https://open.spotify.com/track/2C2TGgFzrTRIOdQS1vUN5h
2016,Me Rehúso,Danny Ocean,77,3.43,https://open.spotify.com/track/6De0lHrwBfPfrhorm9q1Xl
2016,Vente Pa' Ca (feat. Maluma),"Ricky Martin, Maluma",76,4.32,https://open.spotify.com/track/7DM4BPaS7uofFul3ywMe46
2016,"Eu, Você, O Mar e Ela",Luan Santana,72,3.12,https://open.spotify.com/track/000xYdQfIZ4pDmBGzQalKU
2016,Como Faz Com Ela - Ao Vivo,Marília Mendonça,72,2.51,https://open.spotify.com/track/2Gvn46nwyQhUnQiFhlP7WX
2016,Mo Boy,Dillaz,59,3.87,https://open.spotify.com/track/4zww0H1u0yYvyBGixrRCb9
2016,Miúda Linda,Nelson Freitas,58,3.62,https://open.spotify.com/track/0ekgdkhtSRrulobfo6kMMY
2016,Protagonista,Dillaz,56,4.04,https://open.spotify.com/track/6SpI6YKn2u2oX7jSzoKDDl
2016,Me Toca,Badoxa,55,4.27,https://open.spotify.com/track/4U1ky1E7qLEUuxGzHWxM4A
2016,Loucos (feat. Héber Marques),"Matias Damásio, Héber Marques",53,4.5,https://open.spotify.com/track/49Fu8EcEOZ9OnpM1XpPpyU
2016,Amanhã Tou Melhor,Capitão Fausto,52,3.45,https://open.spotify.com/track/3I0w0pdn5s2W44gGmBxsa0
2016,Molexado,"Deejay Telio, Deedz B",51,3.31,https://open.spotify.com/track/4oc4a80TmaHtLcGhqwuONk
2016,Saudade,Dillaz,49,5.11,https://open.spotify.com/track/0dLrhO7oCMp0hQvXAUgbaC
2016,Última Vez,Plutonio,49,4.3,https://open.spotify.com/track/208YK6z5VZkboUje64HsN7
2016,Serias Tu,Força Suprema,47,5.74,https://open.spotify.com/track/0zNsrOSVp9lQ3wManM7570
2017,See You Again (feat. Kali Uchis),"Tyler, The Creator, Kali Uchis",92,3.01,https://open.spotify.com/track/7KA4W4McWYRpgf0fWsJZWB
2017,Shape of You,Ed Sheeran,91,3.9,https://open.spotify.com/track/7qiZfU4dY1lWllzX7mPBI3
2017,Believer,Imagine Dragons,90,3.41,https://open.spotify.com/track/0pqnGHJpmpxLKifKRmU6WP
2017,Something Just Like This,"The Chainsmokers, Coldplay",90,4.12,https://open.spotify.com/track/6RUKPb4LETWmmr3iAEQktW
2017,Apocalypse,Cigarettes After Sex,90,4.84,https://open.spotify.com/track/1oAwsWBovWRIp7qLMGPIet
2017,Perfect,Ed Sheeran,90,4.39,https://open.spotify.com/track/0tgVpDi06FyKpA1z0VMD4v
2017,Thunder,Imagine Dragons,88,3.12,https://open.spotify.com/track/1zB4vmk8tFRmM9UULNzbLB
2017,There's Nothing Holdin' Me Back,Shawn Mendes,88,3.32,https://open.spotify.com/track/7JJmb5XwzOO8jgpou264Ml
2017,Passionfruit,Drake,87,4.98,https://open.spotify.com/track/5mCPDVBb16L4XQwDdbRUpz
2017,Unforgettable,"French Montana, Swae Lee",87,3.9,https://open.spotify.com/track/3B54sVLJ402zGa6Xm4YGNe
2017,HUMBLE.,Kendrick Lamar,87,2.95,https://open.spotify.com/track/7KXjTSCq5nL1LoYtL7XAwS
2017,Sign of the Times,Harry Styles,87,5.68,https://open.spotify.com/track/5Ohxk2dO5COHF1krpoPigN
2017,Treat You Better,Shawn Mendes,87,3.13,https://open.spotify.com/track/3QGsuHI8jO1Rx4JWLUh9jd
2017,Swim,Chase Atlantic,87,3.81,https://open.spotify.com/track/3M0lSi5WW79CXQamgSBIjx
2017,LOVE. FEAT. ZACARI.,"Kendrick Lamar, Zacari",86,3.56,https://open.spotify.com/track/6PGoSes0D9eUDeeAafB2As
2017,Beggin',Måneskin,86,3.53,https://open.spotify.com/track/3Wrjm47oTz2sjIgck11l5e
2017,Best Part (feat. H.E.R.),"Daniel Caesar, H.E.R.",86,3.5,https://open.spotify.com/track/1Q7EgiMOuwDcB0PJC6AzON
2017,Whatever It Takes,Imagine Dragons,85,3.35,https://open.spotify.com/track/6Qn5zhYkTa37e91HC1D7lb
2017,Feel It Still,Portugal. The Man,85,2.72,https://open.spotify.com/track/6QgjcU0zLnzq5OrUoSZ3OK
2017,ocean eyes,Billie Eilish,85,3.34,https://open.spotify.com/track/7hDVYcQq6MxkdJGweuCtl9
2017,Se Preparó,Ozuna,84,3.13,https://open.spotify.com/track/1m69ELEgE6k5ZWsap40ozt
2017,Chantaje (feat. Maluma),"Shakira, Maluma",84,3.26,https://open.spotify.com/track/6mICuAdrwEjh6Y6lroV2Kg
2017,PRIDE.,Kendrick Lamar,84,4.59,https://open.spotify.com/track/6IZvVAP7VPPnsGX6bvgkqg
2017,Teenage Fever,Drake,83,3.66,https://open.spotify.com/track/6n3HGiq4v35D6eFOSwqYuo
2017,Solo,Future,83,4.43,https://open.spotify.com/track/4lH6nENd1y81jp7Yt9lTBX
2017,Mercy,Shawn Mendes,82,3.48,https://open.spotify.com/track/0AS63m1wHv9n4VVRizK6Hc
2017,Downtown,"Anitta, J Balvin",79,3.22,https://open.spotify.com/track/3Ga6eKrUFf12ouh9Yw3v2D
2017,Hasta el Amanecer,Nicky Jam,78,3.31,https://open.spotify.com/track/5Fim1gaXBgsiFfsQAfQSDS
2017,Deixe Me Ir (feat. Pablo Martins) - Acústico 1Kilo,"1Kilo, Baviera, Knust, Pablo Martins",74,3.55,https://open.spotify.com/track/6JKkP9ABQzYZUFSKSVDKIc
2017,Anos Luz,Matuê,73,4.4,https://open.spotify.com/track/0GYPcKDlsb8WEtJkkKdtgH
2017,3 Dias Virado,Mc IG,71,3.45,https://open.spotify.com/track/7DROtyR6IMNifyZmyksyE7
2017,Fazer Falta,"Mc Livinho, Perera DJ",70,3.52,https://open.spotify.com/track/6vZbWgHWITDgEe6a2aOUqY
2017,Cara Bacana,MC G15,67,3.88,https://open.spotify.com/track/1RljKrmC3uVtuP8w0RW2xk
2017,Amar Amei,Mc Don Juan,66,3.63,https://open.spotify.com/track/3vqZC9Pp8ft72lkD6oauJl
2017,O Grave Bater,MC Kevinho,66,3.03,https://open.spotify.com/track/6cEJheMNRySY0kBB31jtdk
2017,Jajão,Master Jake,57,4.13,https://open.spotify.com/track/7jIvuTTEpVMX0DSMeLodWp
2017,A Nossa Vez,Calema,56,3.63,https://open.spotify.com/track/3sAPE5410uBr6M3kcXCgV9
2017,Demónio da Tarraxinha,Badoxa,56,3.73,https://open.spotify.com/track/5adVjX7AYUXJxoKXDISPZy
2017,Do You No Wrong,Richie Campbell,55,4.05,https://open.spotify.com/track/6FInCuMbSlhdlkiFv36KUi
2017,Não Sinto,Wet Bed Gang,54,5.18,https://open.spotify.com/track/2BF9z8N3lFT7gBKhEzTmMT
2017,Rainha,Virgul,54,3.16,https://open.spotify.com/track/1ALqTZkiENayQhd1KXzDGP
2017,O Homem Do Leme,Xutos & Pontapés,53,4.68,https://open.spotify.com/track/3HBXHBR1BS1FCSC5OhvYij
2017,Esquece o Mundo,Yasmine,53,4.11,https://open.spotify.com/track/0gw6hPWRGurEC0G9SP7oDO
2017,I Need This Girl,Virgul,51,3.75,https://open.spotify.com/track/0t4xeyXDGIqFMixr7Owwel
2017,Não Se Passa Nada,Piruka,51,2.57,https://open.spotify.com/track/7AcZsdwJFJEPxGwr2ErOvu
2017,Water (feat. Slow J),"Richie Campbell, Slow J",51,5.22,https://open.spotify.com/track/58dElABzeDBwfhttWGf6n1
2017,Sentir o Sol,Os Quatro e Meia,50,3.79,https://open.spotify.com/track/70GRlXUPxqaiv1JZCoAKYn
2017,Se Não Acordar Amanhã,Piruka,50,3.41,https://open.spotify.com/track/4oWGtWd4deNrZZOopdmCwz
2017,O Clima,"Lhast, Dillaz",50,3.96,https://open.spotify.com/track/5fh5ROgEFMMQ0DjPS1VAxm
2017,Vai,Calema,48,5.37,https://open.spotify.com/track/0UMENt5lQEav4Nl081rUtG
2018,"All The Stars (with SZA) - From ""Black Panther: The Album""","Kendrick Lamar, SZA",93,3.87,https://open.spotify.com/track/3GCdLUSnKSMJhs4Tj6CV3s
2018,lovely (with Khalid),"Billie Eilish, Khalid",89,3.34,https://open.spotify.com/track/0u2P5u6lvoDfwTYjAADbn4
2018,No Lie,"Sean Paul, Dua Lipa",87,3.69,https://open.spotify.com/track/48QmG1dfvMuYLxMPt7KSRA
2018,Call Out My Name,The Weeknd,86,3.81,https://open.spotify.com/track/09mEdoA6zrmBPgTEN5qXmN
2018,Shallow,"Lady Gaga, Bradley Cooper",86,3.6,https://open.spotify.com/track/2VxeLyX666F8uXCJ0dZF8B
2018,God's Plan,Drake,85,3.32,https://open.spotify.com/track/6DCZcSspjsKoFjzjrWoCdn
2018,Always Remember Us This Way,Lady Gaga,85,3.5,https://open.spotify.com/track/2rbDhOo9Fh61Bbu23T2qCk
2018,SICKO MODE,Travis Scott,85,5.21,https://open.spotify.com/track/2xLMifQCjDGFmkHkpNLD9h
2018,I Was Never There,"The Weeknd, Gesaffelstein",85,4.02,https://open.spotify.com/track/1cKHdTo9u0ZymJdPGSh6nq
2018,Lucid Dreams,Juice WRLD,85,4.0,https://open.spotify.com/track/285pBltuF7vW8TeWk8hdRR
2018,Happier,"Marshmello, Bastille",85,3.57,https://open.spotify.com/track/7BqHUALzNBTanL6OvsqmC1
2018,X (feat. Maluma & Ozuna) - Remix,"Nicky Jam, J Balvin, Maluma, Ozuna",84,3.93,https://open.spotify.com/track/6JjPBQfI2Y8nIjnm65X6Pw
2018,Bad Liar,Imagine Dragons,84,4.35,https://open.spotify.com/track/2RSHsoi04658QL5xgQVov3
2018,BUTTERFLY EFFECT,Travis Scott,83,3.18,https://open.spotify.com/track/2cYqizR4lgvp4Qu6IQ3qGN
2018,Natural,Imagine Dragons,83,3.16,https://open.spotify.com/track/2FY7b99s15jUprqC0M5NCT
2018,Amanece,"Anuel AA, Haze",83,3.17,https://open.spotify.com/track/1LiN0Z98FkR1t0m8KmLcAH
2018,Dusk Till Dawn (feat. Sia) - Radio Edit,"ZAYN, Sia",83,3.98,https://open.spotify.com/track/3e7sxremeOE3wTySiOhGiP
2018,One Kiss (with Dua Lipa),"Calvin Harris, Dua Lipa",83,3.58,https://open.spotify.com/track/7ef4DlsgrMEH11cDZd32M6
2018,rockstar (feat. 21 Savage),"Post Malone, 21 Savage",83,3.64,https://open.spotify.com/track/0e7ipj03S05BNilyu5bRzt
2018,Dancing On My Own,Calum Scott,82,4.34,https://open.spotify.com/track/2BOqDYLOJBiMOXShCV1neZ
2018,Felices los 4,Maluma,81,3.83,https://open.spotify.com/track/1RouRzlg8OKFeqc6LvdxmB
2018,Vaina Loca,"Ozuna, Manuel Turizo",80,2.94,https://open.spotify.com/track/48zFZh27QU5qsrBjn4C2FA
2018,MALA (feat. Anuel AA),"6ix9ine, Anuel AA",80,3.44,https://open.spotify.com/track/5tYCl2bT9bDjMuTyn6OVb0
2018,ASTROTHUNDER,Travis Scott,80,2.38,https://open.spotify.com/track/4MXhiYIRDMGAuvZc5IFTwC
2018,Mi Gente,"J Balvin, Willy William",79,3.08,https://open.spotify.com/track/7COfe3P7KgfwDwIRB8LIDw
2018,MIA,"Bad Bunny, Drake",79,3.51,https://open.spotify.com/track/3gE4eQH3K83Sght0ZLvuBK
2018,Parado no Bailão,"MC L da Vinte, MC Gury",78,2.86,https://open.spotify.com/track/3Hb9kUdm4yf839Fle4RIdT
2018,Tieduprightnow,Parcels,78,4.17,https://open.spotify.com/track/66tkDkPsznE5zIHNt4QkXB
2018,A Morte do Autotune,Matuê,77,3.61,https://open.spotify.com/track/4MF0VMffyxHsy3GZwwUnAs
2018,Luxúria,"Xamã, Bagua Records, Neo Beats, Matuê",72,3.09,https://open.spotify.com/track/5kuUOpHZlZjL8b7HXkxRsm
2018,Hoje Eu Vou Parar Na Gaiola,"Mc Livinho, Rennan da Penha",69,2.95,https://open.spotify.com/track/2u2T2sB5Geli45Wh7r4lhr
2018,Nem de Graça,Pixote,69,2.87,https://open.spotify.com/track/11Y1IGMIThaxu4ijcXRNYs
2018,Pra Inveja É Tchau,"Mc Kevin, Mc Davi, Perera DJ",66,2.89,https://open.spotify.com/track/6BB7Rz8TIuJsKER7PTD8cQ
2018,Devia Ir,Wet Bed Gang,61,4.9,https://open.spotify.com/track/5KZJORKMEkrsNRD4dfBw1X
2018,Meu Ego,"Deejay Telio, Deedz B",55,3.7,https://open.spotify.com/track/4g7pN0tzE26Hv4HM3UTwfO
2018,Impec,Papillon,54,3.22,https://open.spotify.com/track/37M00uZSz6smSxZ7pHchuh
2018,Teu Olhar,Matias Damásio,54,4.0,https://open.spotify.com/track/1AvnHYxwYDVJI2ff6h9z4m
2018,1100 Cegonhas,Dillaz,53,3.92,https://open.spotify.com/track/6Lu4LreN9YevvN26udZ5pE
2018,Eu Sei,Badoxa,53,3.8,https://open.spotify.com/track/5cUexVa73j6YKcMRr9YSiz
2018,Cafeína,"DJ Dadda, Plutonio",52,3.13,https://open.spotify.com/track/37tlhZnzXdF5en96O1j93w
2018,Voltas,Fernando Daniel,52,3.81,https://open.spotify.com/track/3K53RODdfVk8K9yv3GCPQP
2018,Não Posso,Yasmine,52,3.84,https://open.spotify.com/track/10cdMAYXfdizjQUCPmTsKR
2018,Preparado,"Rapaz 100 Juiz, Calema, Klasszik",52,4.65,https://open.spotify.com/track/7BMs5YGlpREmtOZnRXeTYW
2018,Sendo Assim,Sam The Kid,51,5.24,https://open.spotify.com/track/1PioBX3KlN13IXB014CFF6
2018,Paraíso,Diogo Piçarra,51,3.93,https://open.spotify.com/track/4sVLQiRPPYRQ3AcPcXJSLg
2018,Como Eu,Bárbara Bandeira,51,3.48,https://open.spotify.com/track/1YqnwlKHXQ1XYhIhakVikB
2018,R&bsr&b$,T-Rex,50,3.93,https://open.spotify.com/track/0RIN0BQZak0nNIgDBeusum
2018,As Coisas,Valas,49,3.94,https://open.spotify.com/track/53LuRRfv4dBFVLo8G2TkTu
2018,Chaminé (Zara G),"Wet Bed Gang, Zara G",49,2.69,https://open.spotify.com/track/53kn2KqWSG9neh5H3YQqxt
2018,After Party,"Deejay Telio, Deedz B",49,3.28,https://open.spotify.com/track/4Ssh6BrNzS4hv3SMkfPFGA
2019,Cruel Summer,Taylor Swift,91,2.97,https://open.spotify.com/track/1BxfuPKGuaTgP7aM0Bbdwr
2019,Someone You Loved,Lewis Capaldi,89,3.04,https://open.spotify.com/track/7qEHsqek33rTcFNT9PFqLf
2019,Cry,Cigarettes After Sex,89,4.28,https://open.spotify.com/track/7mDTvYD2ieE4Q28XFziMfJ
2019,LA CANCIÓN,"J Balvin, Bad Bunny",88,4.04,https://open.spotify.com/track/0fea68AdmYNygeTGI4RC18
2019,Circles,Post Malone,88,3.59,https://open.spotify.com/track/21jGcNKet2qwijlDFuPiPb
2019,Cinnamon Girl,Lana Del Rey,88,5.01,https://open.spotify.com/track/2mdEsXPu8ZmkHRRtAdC09e
2019,Watermelon Sugar,Harry Styles,87,2.9,https://open.spotify.com/track/6UelLqGlWMcVH1E5c4H7lY
2019,when the party's over,Billie Eilish,87,3.27,https://open.spotify.com/track/43zdsphuZLzwA9k4DJhU0I
2019,Me Rehúso,Danny Ocean,86,3.43,https://open.spotify.com/track/6ifUES3keWjwXgae8pXI3o
2019,Car's Outside,James Arthur,86,4.14,https://open.spotify.com/track/0otRX6Z89qKkHkQ9OqJpKt
2019,Under The Influence,Chris Brown,86,3.08,https://open.spotify.com/track/5IgjP7X4th6nMNDh4akUHb
2019,Ransom,Lil Tecca,86,2.19,https://open.spotify.com/track/1lOe9qE0vR9zwWQAOk6CoO
2019,Vidrado Em Você,"Dj Guuga, Mc Livinho",85,2.25,https://open.spotify.com/track/1HJU78CRk4vxvjE5Cs1BCt
2019,HIGHEST IN THE ROOM,Travis Scott,85,2.93,https://open.spotify.com/track/3eekarcy7kvN4yt5ZFzltW
2019,Before You Go,Lewis Capaldi,85,3.59,https://open.spotify.com/track/2gMXnyrvIjhVBUZwvLZDMP
2019,everything i wanted,Billie Eilish,85,4.09,https://open.spotify.com/track/3ZCTVFBt2Brf31RLEnCkWJ
2019,El Efecto,"Rauw Alejandro, Chencho Corleone",84,3.62,https://open.spotify.com/track/4SJHHpKhcuXwDsCsPqshXj
2019,i love you,Billie Eilish,84,4.86,https://open.spotify.com/track/6CcJMwBtXByIz4zQLzFkKc
2019,Despacito,"Luis Fonsi, Daddy Yankee",84,3.82,https://open.spotify.com/track/6habFhsOp2NvshLv26DqMb
2019,Entregador de Flor - Ao Vivo em Brasília,Diego & Victor Hugo,82,3.17,https://open.spotify.com/track/5aMgTcyBPH90hWHhbNKTwR
2019,Con Calma,"Daddy Yankee, Snow",82,3.22,https://open.spotify.com/track/5w9c2J52mkdntKOmRLeM2m
2019,Loco,Beéle,81,3.4,https://open.spotify.com/track/2J9B63FawlTaPdg4eH5X03
2019,X,"Nicky Jam, J Balvin",79,2.88,https://open.spotify.com/track/5YUyW9opqNsMSEzzecZih1
2019,11 PM,Maluma,79,2.93,https://open.spotify.com/track/7KbF6AdprOXEEHlsq11Z6d
2019,Várias Queixas,Gilsons,73,2.84,https://open.spotify.com/track/5HFvMPiNjclAq8DbEAPWMw
2019,Gaiola É o Troco,"MC Du Black, DJ 2F",72,3.12,https://open.spotify.com/track/3Uq45ipGutypFPmETfaoaH
2019,Ela É do Tipo,MC Kevin o Chris,72,3.42,https://open.spotify.com/track/2x8TNY9KwNvD19gVGs4WOP
2019,Supera - Ao Vivo,Marília Mendonça,72,2.46,https://open.spotify.com/track/3GmJxfnUDrIs1iCfKUELFz
2019,Love Love,Gilsons,71,3.43,https://open.spotify.com/track/7nSataGo54Le0IfcFQCFLN
2019,Pupila,"ANAVITÓRIA, Vitor Kley",71,3.37,https://open.spotify.com/track/7Gk5OrMYaMRtT2JmgJVAfk
2019,Quando a vontade bater (Participação especial de PK Delas),"Pk, PK Delas",69,2.77,https://open.spotify.com/track/26WpOBpHiIMoBuMEIwtOCH
2019,Vamos pra Gaiola,"MC Kevin o Chris, FP do Trem Bala",69,2.69,https://open.spotify.com/track/7FiIQXpIeLo3ITfGGpb8PB
2019,Evoluiu,"MC Kevin o Chris, Sodré",68,2.99,https://open.spotify.com/track/0WhDotK0QXigmsrlw0DxKK
2019,Maldita de Ex,Mc Leozin,66,2.74,https://open.spotify.com/track/6Diq6oBnDVzsrNcRllXRbM
2019,Somos Iguais,Plutonio,63,3.96,https://open.spotify.com/track/1X3ltingEVNGRoJf1dvZfQ
2019,Eterna Sacanagem,"MC JottaPê, MC Kekel, MC Kevinho",63,2.81,https://open.spotify.com/track/1AfNdxHdE4OLcnQUyC6j3i
2019,1 de Abril,Plutonio,60,2.64,https://open.spotify.com/track/5ZxHzpxIEr0rxGJN8Jsdjy
2019,Meu Deus,Plutonio,59,3.7,https://open.spotify.com/track/6jx4yp7a9uUUN28Hr244fp
2019,Se Eu Morresse Amanhã,NAPA,59,3.23,https://open.spotify.com/track/7jpEIX81Cht7Hqemq5ThFK
2019,Teu Eternamente,Slow J,56,2.92,https://open.spotify.com/track/4QvTKF2UL2L8EAyDkzXlKK
2019,Gravidade,"Dillaz, Lhast",55,4.06,https://open.spotify.com/track/1xKyLu1AbYauopjoAi0bQU
2019,Dramas & Dilemas,Plutonio,54,4.96,https://open.spotify.com/track/54jpWkufmE3lVGv5wQPtEN
2019,Minha Mulher,Badoxa,53,3.85,https://open.spotify.com/track/4sPF7Z8NrNRcwsfjblLpJl
2019,Vencedor,Phoenix Rdc,52,4.35,https://open.spotify.com/track/7h3rSYFzLQbQy241BVaiTX
2019,Só Queria Sorrir,Slow J,51,3.71,https://open.spotify.com/track/0BeKKheFsOOPXBzo2bM8Ds
2019,Irresponsável,Wet Bed Gang,51,4.38,https://open.spotify.com/track/0aKNEfk3JsSS5z40DsXqLW
2019,Também Sonhar,"Slow J, Sara Tavares",51,3.48,https://open.spotify.com/track/1wTj5ru6fkZLCIF7nLWEcr
2019,Vergonha na Cara,Plutonio,51,3.28,https://open.spotify.com/track/7tgcYERxLChrwBIWp1mrv3
2019,Quiero Bailar,Nininho Vaz Maia,51,3.27,https://open.spotify.com/track/6wwwmDpk3BbWfdDPwCDSyh
2019,Lágrimas,Slow J,49,3.48,https://open.spotify.com/track/6QV3HmrrlYs5PYNI3nkMbQ
2020,Clean Baby Sleep White Noise (Loopable),"Dream Supplier, Baby Sleeps, Background White Noise",95,2.37,https://open.spotify.com/track/0zirWZTcXBBwGsevrsIpvT
2020,Blinding Lights,The Weeknd,91,3.33,https://open.spotify.com/track/0VjIjW4GlUZAMYd2vXMi3b
2020,party 4 u,Charli xcx,91,4.94,https://open.spotify.com/track/2RdEC8Ff83WkX7kDVCHseE
2020,Heat Waves,Glass Animals,89,3.98,https://open.spotify.com/track/3USxtqRwSYz57Ewm6wWRMp
2020,Shut up My Moms Calling,Hotel Ugly,87,2.74,https://open.spotify.com/track/3hxIUxnT27p5WcmjGUXNwx
2020,Save Your Tears,The Weeknd,87,3.59,https://open.spotify.com/track/5QO79kh1waicV47BqGRL3g
2020,Crazy Train,Ozzy Osbourne,87,4.89,https://open.spotify.com/track/7ACxUo21jtTHzy7ZEV56vU
2020,cardigan,Taylor Swift,86,3.99,https://open.spotify.com/track/4R2kfaDFhslZEMJqAFNpdd
2020,Azul,J Balvin,84,3.43,https://open.spotify.com/track/2lCkncy6bIB0LTMT7kvrD1
2020,"I miss you, I’m sorry",Gracie Abrams,84,2.79,https://open.spotify.com/track/4nyF5lmSziBAt7ESAUjpbx
2020,Borderline,Tame Impala,84,3.96,https://open.spotify.com/track/5hM5arv9KDbCHS0k9uqwjr
2020,Angels Like You,Miley Cyrus,84,3.27,https://open.spotify.com/track/1daDRI9ahBonbWD8YcxOIB
2020,Don't Start Now,Dua Lipa,84,3.05,https://open.spotify.com/track/3PfIrDoz19wz7qK7tYeu62
2020,Hecha Pa' Mi,Boza,82,3.1,https://open.spotify.com/track/3VvA1wSxukMLsvXoXtlwWx
2020,Hawái,Maluma,82,3.32,https://open.spotify.com/track/1yoMvmasuxZfqHEipJhRbp
2020,Y Que Fue?,Don Miguelo,82,2.73,https://open.spotify.com/track/5UcVIU1tsbN7ZsOSpR8AFD
2020,No Idea,Don Toliver,82,2.57,https://open.spotify.com/track/7AzlLxHn24DxjgQX73F9fU
2020,Not You Too (feat. Chris Brown),"Drake, Chris Brown",82,4.49,https://open.spotify.com/track/3Q4gttWQ6hxqWOa3tHoTNi
2020,La Curiosidad,"Jay Wheeler, DJ Nelson, Myke Towers",81,3.65,https://open.spotify.com/track/4HYDUMY0xSpeBr0AMY9cUz
2020,DÁKITI,"Bad Bunny, JHAYCO",80,3.42,https://open.spotify.com/track/47EiUVwUp4C9fGccaPuUCS
2020,DÁKITI,"Bad Bunny, JHAYCO",80,3.42,https://open.spotify.com/track/4MzXwWMhyBbmu6hOcLVD49
2020,Máquina do Tempo,Matuê,75,3.84,https://open.spotify.com/track/5oI9blwsXC8AkTWw6wASY8
2020,Amor de Fim de Noite,"Orochi, Papatinho",74,3.69,https://open.spotify.com/track/1Nmcs8zk7LfcvHRgLtTM5J
2020,Mitsubishi,"Orochi, Kizzy",74,3.04,https://open.spotify.com/track/3zXIfbjxSzPMNP6JDZsQsi
2020,Tudo Aconteceu,"MC Du Black, Delacruz, Dj Salgueirinho",73,2.59,https://open.spotify.com/track/67mqU3FeErlvWwsxnMfvQo
2020,Celebridade,"Orochi, Kizzy",71,3.85,https://open.spotify.com/track/3pC5Zki978Ey1MdFDXd7wj
2020,Antes do Sol Nascer,"Orochi, Kizzy, PL Quest, Shok",68,3.82,https://open.spotify.com/track/2E3XCbETX40q6k85K2ViND
2020,Te Amo,Calema,59,4.3,https://open.spotify.com/track/5kr0kja5gbZAaT7w3TGKts
2020,A Terra Gira,Os Quatro e Meia,56,3.29,https://open.spotify.com/track/0lFriVqCSt5QaH0OXsQNpv
2020,Tempo,"FRANKIEONTHEGUITAR, T-Rex, LON3R JOHNY, Bispo",56,4.17,https://open.spotify.com/track/4nLqe3vWwbC4oGX2SphgXL
2020,O Nosso Amor,"Soraia Ramos, Calema",56,4.77,https://open.spotify.com/track/23bemRVqcUNl1ujD87upis
2020,Romance de Cinema,Domingues,55,3.93,https://open.spotify.com/track/0WmSoWksyfhCME62WhkP2U
2020,O Nosso Amor,"Soraia Ramos, Calema",54,4.77,https://open.spotify.com/track/2H7dUGXN3yQo7Kze5tNtv9
2020,Fica,Domingues,53,4.34,https://open.spotify.com/track/5x2NQmYWyqExdyyXjNIWh3
2020,Borboletas,Gama WNTD,53,3.4,https://open.spotify.com/track/2dQrtC98YvZ1PXGJPiRqMl
2020,Salto Alto,Piruka,53,3.67,https://open.spotify.com/track/1svjyFgEEbjj0p4is1JIr7
2020,Essa Saia,"Bispo, Ivandro",53,3.51,https://open.spotify.com/track/2tsXCHNbktRlQxMUV7ql3d
2020,Nada a Esconder,Slow J,52,3.64,https://open.spotify.com/track/0JrBOhbstid47iGfPIdwwi
2020,Lembrei-me,Bispo,52,3.44,https://open.spotify.com/track/5hF6VYE61LV6Jr6dy86CvI
2020,Louco,"Piruka, Bluay",52,4.07,https://open.spotify.com/track/3fExatgv3vCcNT0CuU8mqM
2020,Tinoni,T-Rex,52,2.53,https://open.spotify.com/track/3x3vUHznzPNEbXTJBUkhZb
2020,O Tempo Vai Esperar,Os Quatro e Meia,51,3.73,https://open.spotify.com/track/6QxhDCNBJWuKsNShriNE43
2020,Tempo,Van Zee,51,3.15,https://open.spotify.com/track/1uspiZmpsJn2Vjd4P3pHE2
2020,Farda,Gson,51,3.15,https://open.spotify.com/track/6YvBWNtX8L8VBxahAqo954
2020,Aviola II,Bispo,50,3.97,https://open.spotify.com/track/27kry3jeuix5XVSKfp5B5D
2020,Mrs. Colt,"Phoenix Rdc, Gson",49,3.6,https://open.spotify.com/track/6AVBBJp9htird2NLWIgJrD
2020,São Paulo,Yuri NR5,49,3.89,https://open.spotify.com/track/20cn2KYYgyuxXRC3WynYZn
2020,Galileu,Dillaz,49,3.04,https://open.spotify.com/track/3i7DYnwcLwCUHyaJlEh3od
2020,NÓS2 (feat. Deezy),"Bispo, Deezy",48,3.79,https://open.spotify.com/track/3zqTkP57ojc0i2nwLQbSP2
2020,Abraços,Calema,47,3.6,https://open.spotify.com/track/7uD51vdmt2Rhx6rnnFztLJ
2021,Dreams & Calmness,X.L.T,89,2.65,https://open.spotify.com/track/295uck3ky42Qj4rxbISGG5
2021,traitor,Olivia Rodrigo,88,3.82,https://open.spotify.com/track/5CZ40GBx1sQ9agT82CLQCT
2021,drivers license,Olivia Rodrigo,87,4.03,https://open.spotify.com/track/5wANPM4fQCJwkGd4rN57mH
2021,deja vu,Olivia Rodrigo,87,3.59,https://open.spotify.com/track/6HU7h9RYOaPRFeh0R3UeAr
2021,Enter Sandman - Remastered 2021,Metallica,86,5.53,https://open.spotify.com/track/3DwQ7AH3xGD9h65ezslm6q
2021,you broke me first,Tate McRae,86,2.84,https://open.spotify.com/track/4l0RmWt52FxpVxMNni6i63
2021,The Color Violet,Tory Lanez,86,3.77,https://open.spotify.com/track/3azJifCSqg9fRij2yKIbWz
2021,Happier Than Ever,Billie Eilish,85,4.98,https://open.spotify.com/track/4RVwu0g32PAqgUiJoXsdF8
2021,Shivers,Ed Sheeran,85,3.46,https://open.spotify.com/track/50nfwKoDiSYg8zOCREWAm5
2021,happier,Olivia Rodrigo,85,2.93,https://open.spotify.com/track/2tGvwE8GcFKwNdAXMnlbfl
2021,Nothing Else Matters - Remastered 2021,Metallica,84,6.48,https://open.spotify.com/track/6QAsrXPnMSXIbV0yEJHlEX
2021,favorite crime,Olivia Rodrigo,84,2.54,https://open.spotify.com/track/5JCoSi02qi3jJeHdZXMmR8
2021,Bad Habits,Ed Sheeran,84,3.85,https://open.spotify.com/track/3rmo8F54jFF8OgYsqTxm5d
2021,good 4 u,Olivia Rodrigo,84,2.97,https://open.spotify.com/track/4ZtFanR9U6ndgddUvNcjcG
2021,Cold Heart - PNAU Remix,"Elton John, Dua Lipa, PNAU",83,3.38,https://open.spotify.com/track/6zSpb8dQRaw0M1dK8PBwQz
2021,Pepas,Farruko,81,4.79,https://open.spotify.com/track/5fwSHlTEWpluwOM0Sxnh5k
2021,Where Are You Now,"Lost Frequencies, Calum Scott",81,2.47,https://open.spotify.com/track/3uUuGVFu1V7jTQL60S1r8z
2021,Fair Trade (with Travis Scott),"Drake, Travis Scott",81,4.85,https://open.spotify.com/track/40iJIUlhi6renaREYGeIDS
2021,Yonaguni,Bad Bunny,80,3.45,https://open.spotify.com/track/2JPLbjOn0wPCngEot2STUS
2021,Adorei,Grupo Menos É Mais,77,2.99,https://open.spotify.com/track/1jweGFaVZxEVrOHKsLpPY4
2021,Som do Útero Infalível,MeditarSons,77,3.5,https://open.spotify.com/track/3VZ4Gkedz7NK8621kMFUiA
2021,Lisboa,"ANAVITÓRIA, Lenine",75,3.66,https://open.spotify.com/track/2o2xhyri4aJUtgMGkf5P0J
2021,Pelele,Morad,73,3.61,https://open.spotify.com/track/5h5TUj8pU2WhdSeJx9BnX2
2021,Soñar,Morad,73,4.25,https://open.spotify.com/track/3lI1sZnyM1Ju3ApgNo0ITT
2021,Premier Gaou - Nitefreak Remix,"Francis Mercier, Magic System, Nitefreak",72,3.7,https://open.spotify.com/track/57e5ib2PnvuiaTvaI4jGDp
2021,Champagne,"Orochi, PL Quest, BIN, Kizzy, Mainstreet",71,4.08,https://open.spotify.com/track/5XhG8HGyxLrkJAASxLA463
2021,M4,"Teto, Matuê",69,2.83,https://open.spotify.com/track/07AQkmp456NpEnT8HR7WLy
2021,X1,"MC Cabelinho, Dallass",69,3.15,https://open.spotify.com/track/0dcHD9QhnWRA41zoLnC83X
2021,A Cara do Crime (Nós Incomoda),"Mc Poze do Rodo, Bielzin, Mainstreet, MC Cabelinho, PL Quest, Neo Beats",68,5.04,https://open.spotify.com/track/0wRn3ggAY1fIupTaVigdza
2021,MORENA,Luan Santana,66,3.22,https://open.spotify.com/track/4PQdrXMDHDPl1RczrrlADd
2021,Bairro,Wet Bed Gang,58,4.31,https://open.spotify.com/track/0eluGNN9BHwRew83LH8lUt
2021,E Agora,Nininho Vaz Maia,57,3.1,https://open.spotify.com/track/6b83CJAjIXSk2cUjabJBlm
2021,"3,14","Gson, Slow J, Sam The Kid",55,5.41,https://open.spotify.com/track/1OjAoIz5Gl36rzm9RKEQeG
2021,Imagina,"FRANKIEONTHEGUITAR, Slow J, Ivandro",55,3.72,https://open.spotify.com/track/7ngJWF9fTaOG3vmEhSvK6g
2021,300,Wet Bed Gang,55,4.29,https://open.spotify.com/track/7s0bCwjqJRMjH7yNf6Gyf7
2021,Olá Solidão,Os Quatro e Meia,54,4.68,https://open.spotify.com/track/4GSmcAtzTz5sLn2VWX1Rda
2021,Conclusão,Julinho Ksd,54,2.46,https://open.spotify.com/track/2KG3AM4Sfe11yEuzj79OKx
2021,Lisabona,Plutonio,53,3.22,https://open.spotify.com/track/20BVQh0gMBhzcBpeCRi97F
2021,La Bella Mafia,Wet Bed Gang,52,4.01,https://open.spotify.com/track/3dJgseQq10k108mfw6m7k9
2021,2 da Matina,Plutonio,52,3.52,https://open.spotify.com/track/6mHEUDWaySfb6YvLC7JgPN
2021,Hoje Estou Chateado,Nininho Vaz Maia,52,3.39,https://open.spotify.com/track/16m7Yzkf4trG3ZvodJnKNS
2021,Gosto de Ti,"Nininho Vaz Maia, Cristiano Maia",52,3.88,https://open.spotify.com/track/2xyQaJXfp2DRElKF3aOMHP
2021,Pode Tentar,Maninho,52,2.59,https://open.spotify.com/track/2vFjbIf5sKoXsXdBG2E9Xf
2021,Cidade,"Bárbara Tinoco, Bárbara Bandeira",51,2.76,https://open.spotify.com/track/2hOFPpEOYj7sEUAjGeVnpx
2021,Whiskey,Julinho Ksd,50,3.54,https://open.spotify.com/track/4mAcjwqUjHZXGOJSAh7Tqe
2021,Vivi Good,"Julinho Ksd, Yuran, Trista",50,3.58,https://open.spotify.com/track/3GfFnboTlt09WXO5z33ZMe
2021,Depois da Chuva,Wet Bed Gang,50,4.66,https://open.spotify.com/track/7eJD8Ed4FOCFrtDI5o4kKo
2021,Stunka,Julinho Ksd,49,3.14,https://open.spotify.com/track/0A0NJtd7yYuegBrj6qvqSo
2021,Hoji N'ka ta Rola,Julinho Ksd,49,3.94,https://open.spotify.com/track/4GHE43UIw0OIWX0UuzyPjk
2021,Perseus,Wet Bed Gang,49,3.58,https://open.spotify.com/track/2QXQFSyhpnisPQnNd76Fh7
2022,End of Beginning,Djo,90,2.65,https://open.spotify.com/track/3qhlB30KknSejmIvZZLjOD
2022,As It Was,Harry Styles,90,2.79,https://open.spotify.com/track/4Dvkj6JhhA12EX05fT7y2e
2022,I'm Good (Blue),"David Guetta, Bebe Rexha",88,2.92,https://open.spotify.com/track/4uUG5RXrOk84mYEfFvj3cK
2022,Snooze,SZA,88,3.36,https://open.spotify.com/track/4iZ4pt7kvcaH6Yo8UoZ4s2
2022,Stick Season,Noah Kahan,87,3.04,https://open.spotify.com/track/0mflMxspEfB0VbI1kyLiAv
2022,TV,Billie Eilish,86,4.69,https://open.spotify.com/track/3GYlZ7tbxLOxe6ewMNVTkw
2022,Tití Me Preguntó,Bad Bunny,85,4.06,https://open.spotify.com/track/1IHWl5LamUGEuP4ozKQSXZ
2022,Ojitos Lindos,"Bad Bunny, Bomba Estéreo",85,4.3,https://open.spotify.com/track/3k3NWokhRRkEPhCzPmV8TW
2022,Moscow Mule,Bad Bunny,85,4.1,https://open.spotify.com/track/6Xom58OOXk2SoU711L2IXO
2022,I Ain't Worried,OneRepublic,85,2.47,https://open.spotify.com/track/4h9wh7iOZ0GGn8QVp4RAOB
2022,Loud Noise Sound,Misa Bee,84,2.42,https://open.spotify.com/track/3WEhUtfxXaoRrpSIZ1XzQY
2022,WAIT FOR U (feat. Drake & Tems),"Future, Drake, Tems",84,3.16,https://open.spotify.com/track/59nOXPmaKlBfGMDeOVGrIK
2022,Me Porto Bonito,"Bad Bunny, Chencho Corleone",84,2.98,https://open.spotify.com/track/6Sq7ltF9Qa7SNFBsV5Cogx
2022,SNAP,Rosa Linn,84,2.99,https://open.spotify.com/track/5hx7w26Zi3zafMgvMTUqF6
2022,"Quevedo: Bzrp Music Sessions, Vol. 52","Bizarrap, Quevedo",83,3.32,https://open.spotify.com/track/2tTmW7RDtMQtBk7m2rYeSw
2022,Calm Down (with Selena Gomez),"Rema, Selena Gomez",83,3.99,https://open.spotify.com/track/0WtM2NBVQNNJLh6scP13H8
2022,Bones,Imagine Dragons,83,2.75,https://open.spotify.com/track/54ipXppHLA8U4yqpOFTUhr
2022,Afraid To Feel,LF SYSTEM,82,2.96,https://open.spotify.com/track/40SBS57su9xLiE1WqkXOVr
2022,NIGHTS LIKE THESE,Benson Boone,82,2.88,https://open.spotify.com/track/33vZRjxJScapmRShRJq8I0
2022,Si No Estás,iñigo quintero,81,3.07,https://open.spotify.com/track/2HafqoJbgXdtjwCOvNEF14
2022,La Bachata,Manuel Turizo,81,2.71,https://open.spotify.com/track/5ww2BF9slyYgNOk37BlC4u
2022,Hey Mor,"Ozuna, Feid",81,3.28,https://open.spotify.com/track/1zsPaEkglFvxjAhrM8yhpr
2022,Sigue,"Beny Jr, Morad, K y B",80,3.52,https://open.spotify.com/track/63ZedTAVRCICh2CNLWnsPZ
2022,World Hold On (Children Of The Sky) - FISHER Rework,"Bob Sinclar, FISHER, Steve Edwards",80,2.97,https://open.spotify.com/track/6kTwzV93qpcovlRPmBOXmn
2022,Callaita,"Bad Bunny, Tainy",80,4.18,https://open.spotify.com/track/71wFwRo8xGc4lrcyKwsvba
2022,Vampiro,"Matuê, WIU, Teto",74,4.17,https://open.spotify.com/track/6bTdZ7xfKp3NqqADJ8HLyj
2022,Horas Iguais,"WIU, Oruam",73,4.12,https://open.spotify.com/track/4m8kG46clzxMxyrDuFo1Uq
2022,Maturidade,"KayBlack, Wall Hein, AMUSIK",72,2.37,https://open.spotify.com/track/5RHOhXxMVhpEaBcG6hIydA
2022,FOGO E GASOLINA,"MC Cabelinho, Cyclope Beatz, Red, meLLo",71,3.03,https://open.spotify.com/track/52EYWdjiulHaehpexuowyh
2022,Vida Chique,"Veigh, Nick Nash, Wylo, Nagalli, Supernova Ent, Kaash Paige",70,3.51,https://open.spotify.com/track/6tGQ5RuoGC9jYuiVVLWBMo
2022,Coração de Gelo,WIU,69,2.8,https://open.spotify.com/track/7nFvKgVumc9FcU97zGjjei
2022,Set do G15 - A Revoada Começou,"MC G15, Mc Davi, Mc Pedrinho, MC Ryan SP, Gaab, Mc Don Juan, MC JottaPê, MC Menor da VG, DJ 900, Perera DJ",68,9.03,https://open.spotify.com/track/7LdYiTZzlxsPKi8kvNXeBS
2022,DANÇARINA,"PEDRO SAMPAIO, Mc Pedrinho",67,1.84,https://open.spotify.com/track/5zNxUkUW9WiV5oyg6gh2wB
2022,GALOPA,PEDRO SAMPAIO,64,2.34,https://open.spotify.com/track/3gK5ckT0cq3t5enyqzzRgV
2022,Que O Amor Te Salve Nesta Noite Escura - Ao Vivo,"Pedro Abrunhosa, Sara Correia",61,3.61,https://open.spotify.com/track/79JW4tqG3AigegX3sKRxgi
2022,Viaja,Irina Barros,60,3.76,https://open.spotify.com/track/2DDBsczCQqIQ09t7Uf2uG2
2022,Como Antes,Matias Damásio,58,3.74,https://open.spotify.com/track/0dAZ5dCofHy6rquqU6YG29
2022,Por Enquanto,Plutonio,55,2.37,https://open.spotify.com/track/5fjD0vHh9XRL6b657FWe9C
2022,CASA,"D.A.M.A, Buba Espinho",55,3.47,https://open.spotify.com/track/3hUk7wHp5Ruas0FLLVW69c
2022,Cara Que Engana,"Deejay Telio, Julinho Ksd",54,2.99,https://open.spotify.com/track/1DHSj9pjlwGsVTQ2A2Z8gk
2022,Frágil,"Anjos, Calema",54,3.96,https://open.spotify.com/track/17v70nSnz1mgOq8C4J1vm4
2022,Onde Anda,"Calema, Zé Felipe",53,2.96,https://open.spotify.com/track/3q3EBdrTrlF4PmJQTZ17ie
2022,Quero É Viver,Sara Correia,53,3.64,https://open.spotify.com/track/2t4l99FEz6e2IlaQwVlERa
2022,Coração,GROGNation,52,4.72,https://open.spotify.com/track/32WwWigjxpwkPklaO9vZFq
2022,portas do sol,Nena,51,3.79,https://open.spotify.com/track/2BPXgvwDUvWmIyKmutms0e
2022,Papaia,Dillaz,51,3.04,https://open.spotify.com/track/17MPtgaJHgr2WlJVyhA6kw
2022,ROSAS,"Kappa Jotta, MUN",51,2.95,https://open.spotify.com/track/0elz4WC9ZtAOzqP4fgt8T5
2022,I'm Sorry,"Mizzy Miles, Ivandro, Piruka",51,3.37,https://open.spotify.com/track/3aml52yDe6ff32XOgZQ0Cb
2022,Amanhã,Os Quatro e Meia,50,2.99,https://open.spotify.com/track/2ipLabibvESApw3fkbx8Av
2022,Meu Nome É Saudade,Luís Trigacheiro,49,3.65,https://open.spotify.com/track/5GJ4RvSkoYWOPqJ9t1XGQ4
2023,"One Of The Girls (with JENNIE, Lily Rose Depp)","The Weeknd, JENNIE, Lily-Rose Depp",93,4.08,https://open.spotify.com/track/7CyPwkp0oE8Ro9Dd5CUDjW
2023,Lose Control,Teddy Swims,91,3.51,https://open.spotify.com/track/17phhZDn6oGtzMe56NuWvj
2023,greedy,Tate McRae,90,2.2,https://open.spotify.com/track/3rUGC1vUpkDG9CZFHMur1t
2023,Flowers,Miley Cyrus,89,3.34,https://open.spotify.com/track/7DSAEUvxU8FajXtRloy8M0
2023,No Pole,Don Toliver,89,3.13,https://open.spotify.com/track/0eaVIYo2zeOaGJeqZ5TwYz
2023,The Door,Teddy Swims,88,3.54,https://open.spotify.com/track/3dj4wgM3cPeuLwMNHDuBon
2023,LUNA,"Feid, ATL Jacob",88,3.28,https://open.spotify.com/track/7bywjHOc0wSjGGbj04XbVi
2023,NIGHTS LIKE THIS,The Kid LAROI,88,1.45,https://open.spotify.com/track/1XBYiRV30ykHw5f4wm6qEn
2023,Stumblin' In,CYRIL,87,3.56,https://open.spotify.com/track/0h3Xy4V4apMraB5NuM8U7Z
2023,"What Was I Made For? [From The Motion Picture ""Barbie""]",Billie Eilish,87,3.71,https://open.spotify.com/track/6wf7Yu7cxBSPrRlWeSeK0Q
2023,vampire,Olivia Rodrigo,86,3.66,https://open.spotify.com/track/1kuGVB7EU95pJObxwvfwKS
2023,You & Me - Rivo Remix,"Disclosure, Eliza Doolittle, Rivo",85,3.48,https://open.spotify.com/track/0xoYZ45fgTfyQYREZPN7Sa
2023,Water,Tyla,85,3.34,https://open.spotify.com/track/5aIVCx5tnk0ntmdiinnYvw
2023,PROVENZA,KAROL G,85,3.46,https://open.spotify.com/track/3HqcNJdZ2seoGxhn0wVNDK
2023,Thank You (Not So Bad),"Dimitri Vegas & Like Mike, Tiësto, Dido, W&W, Dimitri Vegas, Like Mike",85,2.33,https://open.spotify.com/track/09CnYHiZ5jGT1wr1TXJ9Zt
2023,La Bachata,Manuel Turizo,83,2.71,https://open.spotify.com/track/3tt9i3Hhzq84dPS8H7iSiJ
2023,LALA,Myke Towers,83,3.3,https://open.spotify.com/track/7ABLbnD53cQK00mhcaOUVG
2023,Columbia,Quevedo,83,3.1,https://open.spotify.com/track/0uqt3MShCD4uYCIRNm6d4o
2023,Tattoo,Loreen,82,3.06,https://open.spotify.com/track/1DmW5Ep6ywYwxc2HMT5BG6
2023,Lapada Dela - Ao Vivo,"Grupo Menos É Mais, Matheus Fernandes",79,2.66,https://open.spotify.com/track/4f0aDk7HX37SfzerfznYlr
2023,Beso (Fruta Fresca),"Wakyin, Carlos Vives",76,3.29,https://open.spotify.com/track/0r3nMF80NSIuPIxeod4aoG
2023,Cada Vez Mais Gostosa,"Dj Tchouzen, Mc Rodrigo do CN",75,2.23,https://open.spotify.com/track/6v6MmJlw7elqJUty23mvS4
2023,Seya,"GIMS, Morad, SativaMusic",74,3.14,https://open.spotify.com/track/7movuYyQGEyHSniEWtsFMp
2023,Se Grita,"Morad, Jul",74,4.33,https://open.spotify.com/track/55Q180Og5mkW2XeGPjB7yn
2023,Manos Rotas,"DELLAFUENTE, Morad",73,2.81,https://open.spotify.com/track/3BFh8rR6aMexy7ELu2UQy3
2023,Novo Balanço,"Veigh, Bvga Beatz, Prod Malax, Supernova Ent",73,2.34,https://open.spotify.com/track/4hKLzFvNwHF6dPosGT30ed
2023,Engana Dizendo Que Ama,"Veigh, Tz da Coronel, Toledo, Nagalli, Bvga Beatz, Supernova Ent",73,3.14,https://open.spotify.com/track/39xOREhViooEYFpmnKTdrl
2023,Loucura,"Borges, MC Cabelinho, Veigh, RUXN, Palma, Kizzy",72,3.0,https://open.spotify.com/track/4QCwvUs4ob87Tq9VP07Uo3
2023,Tá OK,"DENNIS, MC Kevin o Chris",71,1.53,https://open.spotify.com/track/0fABszUFNbNq9IW503Gj8v
2023,POCPOC,PEDRO SAMPAIO,66,2.12,https://open.spotify.com/track/0oQCRjrWGvkqkdf82UlXI3
2023,A Nossa Dança,Calema,63,3.04,https://open.spotify.com/track/0xKBEEJwpjaLn1QhCdyKcf
2023,Tata,Slow J,60,2.66,https://open.spotify.com/track/0fPOFtS7ZylYKcC9b64cSj
2023,Maria Joana,"Nuno Ribeiro, Calema, Mariza",60,3.8,https://open.spotify.com/track/4yY22pTpZ7qqOEGUtbE6D4
2023,Fogo,Slow J,56,2.84,https://open.spotify.com/track/3p5b0fr7ynsuGeE8EJCJk9
2023,Carro (feat. Dillaz),"Bárbara Bandeira, Dillaz",56,3.38,https://open.spotify.com/track/5yS8wgwBnmjpXwGislck0n
2023,UH LA LA LA,"LON3R JOHNY, Plutonio",55,3.0,https://open.spotify.com/track/1A6tib5hSqCJAMSBRkNV55
2023,PIÑA COLADA,"LON3R JOHNY, Plutonio",55,3.37,https://open.spotify.com/track/4r4PT8ztky9NfGINelXcxM
2023,Sem Ti,Slow J,54,2.59,https://open.spotify.com/track/50yECsT0BYrk3BeqJanW7E
2023,Amar De Cor,Van Zee,54,2.76,https://open.spotify.com/track/0ZEQ6vnAHTARAgpxFF8NLS
2023,Um dia hei de voltar (feat. Bandidos do Cante),"Buba Espinho, Bandidos do Cante",54,3.81,https://open.spotify.com/track/5vSVyVnkuv3wCNWwg81tHW
2023,Planeta,"Bispo, Bárbara Tinoco",54,2.78,https://open.spotify.com/track/0r1WiGIHk8ys95AvbqCbwW
2023,Alma Nua,Van Zee,54,3.43,https://open.spotify.com/track/2GXRtFY3WNis04B2L1d7ua
2023,VOLTA,T-Rex,54,3.96,https://open.spotify.com/track/3CpaYsotb6gvM1RGtksLlr
2023,Foste Embora,Nininho Vaz Maia,54,2.66,https://open.spotify.com/track/6elFmzmHRGXeqyya232ZFu
2023,TA TUDO BEM,T-Rex,54,4.54,https://open.spotify.com/track/15ERxM3x0D2HzqdhPxsbd2
2023,casa,Fernando Daniel,53,3.44,https://open.spotify.com/track/53gXl8SihJLcFeC2D8g6ry
2023,DIAMANTE,"LON3R JOHNY, Plutonio",52,3.41,https://open.spotify.com/track/5E5Co00dGF0ZWCt4shJSl2
2023,Ultimamente,Slow J,51,3.71,https://open.spotify.com/track/2OXcFFTAhcpElg1ZMAqLB7
2023,CorDaPele,Slow J,51,2.98,https://open.spotify.com/track/2Vhdvxsjs24nQLaUn6oWcp
2023,Na Escola,Os Quatro e Meia,51,4.45,https://open.spotify.com/track/4gKnmJl100iarWltT3dtyc
2024,back to friends,sombr,99,3.32,https://open.spotify.com/track/0FTmksd2dxiE5e3rWyJXs6
2024,BIRDS OF A FEATHER,Billie Eilish,97,3.51,https://open.spotify.com/track/6dOtVTDdiauQNBQEDOtlAB
2024,Die With A Smile,"Lady Gaga, Bruno Mars",95,4.19,https://open.spotify.com/track/2plbrEY59IikOBgBGLjaoe
2024,Ordinary,Alex Warren,94,3.12,https://open.spotify.com/track/2RkZ5LkEzeHGRsmDqKwmaJ
2024,That’s So True,Gracie Abrams,94,2.77,https://open.spotify.com/track/7ne4VBA60CxGM75vw0EYad
2024,WILDFLOWER,Billie Eilish,94,4.36,https://open.spotify.com/track/3QaPy1KgI7nu9FJEQUgn6h
2024,Beautiful Things,Benson Boone,92,3.01,https://open.spotify.com/track/3xkHsmpQCBMytMJNiDf3Ii
2024,APT.,"ROSÉ, Bruno Mars",92,2.83,https://open.spotify.com/track/5vNRhkKd0yEAg8suGBpjeY
2024,"Good Luck, Babe!",Chappell Roan,92,3.64,https://open.spotify.com/track/0WbMK4wrZ1wFSty9F7FCgu
2024,Not Like Us,Kendrick Lamar,91,4.57,https://open.spotify.com/track/6AI3ezQ4o3HUoP6Dhudph3
2024,I Adore You (feat. Daecolm),"HUGEL, Topic, Arash, Daecolm",90,3.57,https://open.spotify.com/track/5nPbKG04fhLkIAjcPFaZq7
2024,Si Antes Te Hubiera Conocido,KAROL G,90,3.26,https://open.spotify.com/track/6WatFBLVB0x077xWeoVc2k
2024,Sailor Song,Gigi Perez,90,3.53,https://open.spotify.com/track/2262bWmqomIaJXwCRHr13j
2024,PASSO BEM SOLTO - Slowed,ATLXS,90,1.93,https://open.spotify.com/track/4sTlQPMyoFMPdhAJvErBN3
2024,Stargazing,Myles Smith,90,2.88,https://open.spotify.com/track/3Vr3zh0r7ALn8VLqCiRR10
2024,capaz (merengueton),"Alleh, Yorghaki",89,2.9,https://open.spotify.com/track/4DnrAI8WyUY6gkOwl8GlPN
2024,Move,"Adam Port, Stryv, Keinemusik, Orso, Malachiii",88,2.96,https://open.spotify.com/track/1BJJbSX6muJVF2AK7uH1x4
2024,Messy,Lola Young,88,4.73,https://open.spotify.com/track/3SKH53SPQbEnZR4cJPVaz2
2024,Qué Pasaría...,"Rauw Alejandro, Bad Bunny",88,3.18,https://open.spotify.com/track/0l0vcZMU7AOeQmUIREoI2U
2024,Messy,Lola Young,87,4.73,https://open.spotify.com/track/35ISBknsCeZQtq66xABI9g
2024,Yamore,"MoBlack, Salif Keita, Benja (NL), Franc Fala, Cesária Evora",82,4.13,https://open.spotify.com/track/480j122Gpi252OIfy4SNzm
2024,Fui Mlk,"Nilo, Mc Paiva ZS, DJ Di Marques, Tropa da W&S, FamousKyo",80,2.9,https://open.spotify.com/track/4pOGEJRVOuaa9oyy7qTGf6
2024,Forever (feat. Malou & Yuna),"HUGEL, Diplo, Malou, Yuna",80,2.34,https://open.spotify.com/track/0WS1qLcXKsCGt5e3dqq30S
2024,MTG NA IMAGINAÇÃO - TOPO SESSIONS VOL. 1,"DJ TOPO, Mc Livinho",79,2.42,https://open.spotify.com/track/4jUZymsR3lkia9wkP0o9cX
2024,Meu Carro nao tem Porta Luva - Remastered 2024,"DJ NATAN 22, Mc Rodrigo do CN",78,2.67,https://open.spotify.com/track/0vYrfm0eUQyi6fWbYnBiDc
2024,Penélope Charmosa 2,"Boladin 211, Dejinha, MC Rick",78,2.86,https://open.spotify.com/track/6VH6SBNNL2RVWwImq046ce
2024,Oh Garota Eu Quero Você Só Pra Mim.,"Oruam, Zé Felipe, MC Tuto, Dj Lc da Roça, Mc Rodrigo do CN, MC K9, mc pl alves",77,2.78,https://open.spotify.com/track/0BUkQGUXgcvf3gdCWYbtnJ
2024,Barbie,"MC Tuto, DJ Glenner",76,3.21,https://open.spotify.com/track/6s1kzj4EbhFLXbuAGJbhbn
2024,Sei Que Tu Me Odeia,"Anitta, Mc Danny, HITMAKER",74,2.68,https://open.spotify.com/track/77HhVmRv7IxDqkyMxElSrK
2024,Resenha do Arrocha,"J. Eskine, Alef Donk",73,5.91,https://open.spotify.com/track/0NQyryTVbjGMtWMA1eSqIn
2024,Do Job,"MC Tuto, Grelo",73,3.22,https://open.spotify.com/track/3TnSAp3TfGMYptOqv234uK
2024,Mussulo (feat. Doddy),"DJ Malvado, DJ Aka-m, DODDY",70,4.27,https://open.spotify.com/track/3VSO45erUjYsPi1IFuc43Q
2024,Interestelar,Plutonio,66,3.14,https://open.spotify.com/track/12j1Mq9Of1xfONYvGzhayD
2024,Amar Pela Metade,Calema,63,3.12,https://open.spotify.com/track/1UQvRmRhbX3WxSLW3NbUIU
2024,Alô,"Dillaz, Plutonio",62,3.53,https://open.spotify.com/track/6vBuEFImAx36hDYiYqBtkZ
2024,Acordar,Plutonio,61,3.3,https://open.spotify.com/track/1M7pnSHpd4i5xFE2nUGq2W
2024,Faz Bem,"Bluay, Julinho Ksd",60,3.06,https://open.spotify.com/track/38adAyMqsOEwCdXETWCPPa
2024,Amar Pela Metade,Calema,60,3.12,https://open.spotify.com/track/3NhDCAOOhfGrHxuwquVgNz
2024,Deja Vu,Plutonio,59,3.39,https://open.spotify.com/track/4VhSwcMCrXQgEfwls3s46o
2024,País das Maravilhas,Plutonio,59,4.09,https://open.spotify.com/track/0qGRWcPOMkkt7edm4wMVRf
2024,Perfume,Calema,59,3.68,https://open.spotify.com/track/6zp1J0CsOIiGLbRKFh5kGe
2024,Montanha,Plutonio,58,3.15,https://open.spotify.com/track/71Aj0joTSW4wv8olaHNBvK
2024,Luxemburgo,Plutonio,58,3.53,https://open.spotify.com/track/1yjYtmNf1DpfQMjBpVy5rg
2024,Deixa o Clima Rolar,Badoxa,58,2.82,https://open.spotify.com/track/5Jpa5TYgS6Eqdp3395ZtjG
2024,Lua,Ivandro,58,3.21,https://open.spotify.com/track/5KYxsXz9RnMHED7ggDLfbv
2024,Bênção (with Van Zee & Bispo),"Mizzy Miles, Van Zee, Bispo",57,3.43,https://open.spotify.com/track/1hdWqiFAy5hNRxyVpDy81P
2024,Even,"Richie Campbell, Van Zee, FRANKIEONTHEGUITAR",57,3.13,https://open.spotify.com/track/1cTamrfYAUHnoiMf2gpq55
2024,Contra Probabilidades,"Bispo, Julinho Ksd",56,3.38,https://open.spotify.com/track/5nYYQ85x9DwEiEpETQNlNC
2024,Habibi,Dillaz,56,3.41,https://open.spotify.com/track/31w82iq7jsYmPAsM8YChIy
2024,Nota 100,"Dillaz, Julinho Ksd",55,2.8,https://open.spotify.com/track/3XqGBLVhC04xNCxRXB2pvF
